book,username,date
rachana,531,12
honey,512,29
rachana,531,12
vinoothna,505,14
Death of a City,501,4
Rachana,504,3
A Suitable Boy,534,2
A Tale of Two Cities,519,3
David Copperfield,531,2
Oliver Twist,524,1
Origin of Species,505,4
A Week with Gandhi,550,3
A Woman's Life,563,2
Aadhe Adhure,567,2
Adventures of Sherlock Holmes,552,5
Adventures of Tom Sawyer,522,5
Ain - i - Akbari,580,4
Akbarnama,543,3
Alice in Wonderland,555,2
An Introduction to Dreamland,551,5
Anand Math,571,1
Anna Karenina,561,2
War and Peace,521,3
Apple Cart,531,4
Arms and the Man,511,5
Man and Superman,562,3
Around the World in Eighty Days,569,2
Arthshastra,546,1
Asian Drama,576,4
Autobiography of a Yogi,581,5
Baburnama,532,3
Ben Hur,521,2
the sky,5,25
